Module/Page,Start Date,End Date
"Project Setup & Base Architectre","Wed, 12 Aug 2026","Fri, 14 Aug 2026"
"Dashboard (/dashboard)","Mon, 17 Aug 2026","Tue, 18 Aug 2026"
"Reconciliation Workbench (/reconciliation)","Wed, 19 Aug 2026","Fri, 21 Aug 2026"
"Exceptions (/exceptions)","Mon, 24 Aug 2026","Tue, 25 Aug 2026"
"Approvals (/approvals)","Wed, 26 Aug 2026","Thu, 27 Aug 2026"
"Communications (/vendors)","Fri, 28 Aug 2026","Mon, 31 Aug 2026"
"Reports & Analytics (/reports)","Tue, 01 Sep 2026","Thu, 03 Sep 2026"
"Audit & Compliance (/audit)","Fri, 04 Sep 2026","Fri, 04 Sep 2026"
"Configuration (/settings)","Mon, 07 Sep 2026","Mon, 07 Sep 2026"
"Users & Roles (/users-roles)","Tue, 08 Sep 2026","Tue, 08 Sep 2026"
